{"cameraMode":{"drawMode":0,"name":"Shaded","section":"Shading Mode"},"sceneLighting":true,"audioPlay":false,"sceneViewState":{"m_AlwaysRefresh":false,"showFog":true,"showSkybox":true,"showFlares":true,"showImageEffects":true,"showParticleSystems":true,"showVisualEffectGraphs":true,"m_FxEnabled":true},"in2DMode":false,"pivot":{"x":-11.196209907531739,"y":1.299737572669983,"z":1.3259862661361695},"rotation":{"x":-0.015450582839548588,"y":0.6648596525192261,"z":0.01375866774469614,"w":0.746681809425354},"size":6.259914398193359,"orthographic":false}